{"name":"14116afe-6c22-48c4-86b9-cda4702d62fa","id":"/providers/Microsoft.Flow/flows/14116afe-6c22-48c4-86b9-cda4702d62fa","type":"Microsoft.Flow/flows","properties":{"apiId":"/providers/Microsoft.PowerApps/apis/shared_logicflows","displayName":"Forms-Power Apps連携 テスト用フロー","definition":{"metadata":{"workflowEntityId":null,"processAdvisorMetadata":null,"flowclientsuspensionreason":"None","flowclientsuspensiontime":null,"flowclientsuspensionreasondetails":null,"creator":{"id":"df918e72-3a2a-4890-a245-775222d1b132","type":"User","tenantId":"c62e666c-95a5-4452-b90c-8d1dc3b3d36e"},"provisioningMethod":"FromDefinition","failureAlertSubscription":true,"clientLastModifiedTime":"2023-02-27T14:30:14.924301Z"},"$schema":"https://schema.management.azure.com/providers/Microsoft.Logic/schemas/2016-06-01/workflowdefinition.json#","contentVersion":"1.0.0.0","parameters":{"$connections":{"defaultValue":{},"type":"Object"},"$authentication":{"defaultValue":{},"type":"SecureObject"}},"triggers":{"新しい応答が送信されるとき":{"splitOn":"@triggerOutputs()?['body/value']","metadata":{"operationMetadataId":"f4cea901-75f0-4eb4-b1f2-daf55bef4191"},"type":"OpenApiConnectionWebhook","inputs":{"host":{"apiId":"/providers/Microsoft.PowerApps/apis/shared_microsoftforms","connectionName":"shared_microsoftforms","operationId":"CreateFormWebhook"},"parameters":{"form_id":"bGYuxqWVUkS5DI0dw7PTbnKOkd8qOpBIokV3UiLRsTJUNVVBR05QVVBaMDhWWU9GUzdPSlg0TjJWRy4u"},"authentication":"@parameters('$authentication')"}}},"actions":{"項目の作成":{"runAfter":{"応答の詳細を取得する":["Succeeded"]},"metadata":{"operationMetadataId":"41adbb8c-9729-43f5-bd58-6e0e9b35b5a7"},"type":"OpenApiConnection","inputs":{"host":{"apiId":"/providers/Microsoft.PowerApps/apis/shared_sharepointonline","connectionName":"shared_sharepointonline","operationId":"PostItem"},"parameters":{"dataset":"https://pontaoink.sharepoint.com/sites/PowerApps","table":"37138d38-170f-4107-bcb2-d86b226f4e76","item/single_text":"@outputs('応答の詳細を取得する')?['body/rf24fefb1dec84ba28782ad58158d935a']","item/multi_text":"@outputs('応答の詳細を取得する')?['body/r17d0847276a44933a195a1e2fb1ba4b4']","item/number":"@outputs('応答の詳細を取得する')?['body/re186f9105ea04c50b05cd2e7b1e14018']","item/selection/Value":"@outputs('応答の詳細を取得する')?['body/rf386329a59424f5289e3d9259126e993']","item/date":"@outputs('応答の詳細を取得する')?['body/rdd8313de681848cf81ab0960921f4515']","item/evaluation":"@outputs('応答の詳細を取得する')?['body/ra0182de0683248dda1e9d28ff6fa3730']"},"authentication":"@parameters('$authentication')"}},"応答の詳細を取得する":{"runAfter":{},"metadata":{"operationMetadataId":"2b8862ca-200a-4fea-9581-c9e41e5032ca"},"type":"OpenApiConnection","inputs":{"host":{"apiId":"/providers/Microsoft.PowerApps/apis/shared_microsoftforms","connectionName":"shared_microsoftforms","operationId":"GetFormResponseById"},"parameters":{"form_id":"bGYuxqWVUkS5DI0dw7PTbnKOkd8qOpBIokV3UiLRsTJUNVVBR05QVVBaMDhWWU9GUzdPSlg0TjJWRy4u","response_id":"@triggerOutputs()?['body/resourceData/responseId']"},"authentication":"@parameters('$authentication')"}}}},"connectionReferences":{"shared_sharepointonline":{"connectionName":"shared-sharepointonl-63e9d808-451d-4c9b-9d9e-ffdba4dceb7a","source":"Embedded","id":"/providers/Microsoft.PowerApps/apis/shared_sharepointonline","tier":"NotSpecified"},"shared_microsoftforms":{"connectionName":"shared-microsoftform-b7e37546-4f81-42b7-9cbd-2d86d37858af","source":"Embedded","id":"/providers/Microsoft.PowerApps/apis/shared_microsoftforms","tier":"NotSpecified"}},"flowFailureAlertSubscribed":false,"isManaged":false}}